1,489908642,3F BB F5 00,0x5C8,Elder's Recess Large monster battle,bgm_ingame.npck,Large Monster
2,16873781,,0x50B01B,Astera Argosy in port intro,bgm_ingame.npck,Other
3,64285823,,0x7E6F20,Wildspire Waste intro (day 1st night 2nd),bgm_ingame.npck,Environment
4,69787738,,0xB0BDDF,Special Arena battle,bgm_ingame.npck,Arena
5,103055678,,0x14E32E9,Monster Hunter series theme [Proof of a Hero],bgm_ingame.npck,Room Music
6,107267221,,0x2395815,The Best of the Best challenge drums overlay,bgm_ingame.npck,Arena
7,112378688,,0x2EA1806,Deploying Tailraiders,bgm_ingame.npck,General
8,120019961,,0x32550AA,Wildspire Waste player fleeing drums overlay,bgm_ingame.npck,Large Monster
9,127407403,,0x359D3E1,Rotten Vale player fleeing drums overlay,bgm_ingame.npck,Large Monster
10,127792006,,0x38B8F8D,Kushala Daora chase,bgm_ingame.npck,Elder Dragon
11,133024490,,0x3CCECFE,Coral Highlands battle,bgm_ingame.npck,Large Monster
12,147414297,,0x4885569,Bazelgeuse player fleeing drums overlay,bgm_ingame.npck,Large Monster
13,194698505,,0x4B5F5EE,Gajalaka unknown theme (Gajalaka camp battle?),bgm_ingame.npck,Small Monster
14,203875999,,0x53301F9,Gajalaka camp (Elder's Recess),bgm_ingame.npck,Environment
15,208859598,,0x5CDB460,Kushala Daora mounted drums overlay,bgm_ingame.npck,Elder Dragon
16,243452606,,0x6B87D21,Gathering Hub theme,bgm_ingame.npck,Gathering Hub
17,302441259,,0x7727309,Kushala Daora player fleeing drums overlay,bgm_ingame.npck,Elder Dragon
18,308779113,,0x79757DC,Coral Highlands chase,bgm_ingame.npck,Large Monster
19,313300373,,0x7F848F1,Tale of the Five book,bgm_ingame.npck,Room Music
20,319259699,,0x8738ED9,Gajalaka battle,bgm_ingame.npck,Small Monster
21,321165358,,0x913FA42,Coral Highlands player fleeing drums overlay,bgm_ingame.npck,Large Monster
22,331341797,,0x93701E7,Vaal Hazak chase,bgm_ingame.npck,Elder Dragon
23,336044757,,0x99AC71F,Elder's Recess intro (day 1st night 2nd),bgm_ingame.npck,Environment
24,336307070,,0x9CF3009,Rotten Vale mounted drums overlay,bgm_ingame.npck,Large Monster
25,356525706,,0xA8683F2,Nergigante chase,bgm_ingame.npck,Elder Dragon
26,378371700,,0xAE403A8,Wildspire Waste Large monster battle,bgm_ingame.npck,Large Monster
27,389336127,,0xB435843,Private Suite (Gorgeous Days),bgm_ingame.npck,Room Music
28,420527934,,0xBCE3796,Wildspire Waste chase,bgm_ingame.npck,Large Monster
29,431496861,,0xC21BA91,Coral Highlands mounted drums overlay,bgm_ingame.npck,Large Monster
30,471107464,,0xCCB31F3,Zorah Magdaros battle,bgm_ingame.npck,Elder Dragon
31,486684937,,0xD969E0E,Nergigante battle,bgm_ingame.npck,Elder Dragon
32,489908642,,0xE527B70,Arena mounted drums overlay,bgm_ingame.npck,Arena
33,517665223,,0xED7760D,Wildspire Waste battle,bgm_ingame.npck,Large Monster
34,524714608,,0xF924103,Elder's Recess small monster battle,bgm_ingame.npck,Small Monster
35,544086439,,0xFDE45A3,Bazelgeuse chase,bgm_ingame.npck,Large Monster
36,561361385,,0x103D994E,Elder Recess battle,bgm_ingame.npck,Large Monster
37,573479785,,0x10DE25D1,Xeno'jiiva mounted drum overlay (1st phase),bgm_ingame.npck,Elder Dragon
38,626898492,,0x1177C571,Xenoâ€™jiiva battle (1st phase),bgm_ingame.npck,Elder Dragon
39,635882432,,0x121493F4,Arena small monster battle,bgm_ingame.npck,Arena
40,636779949,,0x12AB466A,Xeno'jiiva mounted drum overlay (2nd Phase),bgm_ingame.npck,Elder Dragon
41,647205868,,0x1361DE52,The Best of the Best challenge (1st part [Pride of a Nameless Hunter]),bgm_ingame.npck,Room Music
42,652031650,,0x13733CF7,Unknown Gajalaka drums,bgm_ingame.npck,Small Monster
43,698008394,,0x14147CC8,Private Quarters (Dreams of Tomorrow),bgm_ingame.npck,Room Music
44,724834347,,0x14A5F2C2,Elder's Recess mounted drums overlay,bgm_ingame.npck,Large Monster
45,760875586,,0x154A2A53,Wildspire Waste mounted drums overlay,bgm_ingame.npck,Large Monster
46,772418240,,0x15F7FA00,Wildspire Waste small monster battle,bgm_ingame.npck,Small Monster
47,787741581,,0x163E233F,Xeno'jiiva Astera quest alert,bgm_ingame.npck,General
48,798496834,,0x16E6D901,Arena player fleeing drums overlay?,bgm_ingame.npck,Arena
49,807274043,,0x17082C66,Kushala Daora battle,bgm_ingame.npck,Elder Dragon
50,811090772,,0x17F7D8AB,Research Base,bgm_ingame.npck,General
51,823945436,,0x1913A74B,Xeno'jiiva introduction cutscene,bgm_ingame.npck,Elder Dragon
52,852492774,,0x19788611,Elder's Recess chase,bgm_ingame.npck,Large Monster
53,852759858,,0x19D360D9,Bazelgeuse mounted drums overlay,bgm_ingame.npck,Large Monster
54,854313262,,0x1A84BFBD,Elder's Recess player fleeing drums overlay,bgm_ingame.npck,Large Monster
55,868100466,,0x1AAC7B0F,Coral Highlands Large monster battle,bgm_ingame.npck,Large Monster
56,876502424,,0x1AF912CD,Vaal Hazak battle,bgm_ingame.npck,Elder Dragon
57,911009940,,0x1BC18AE7,Xeno'jiiva battle (2nd Phase),bgm_ingame.npck,Elder Dragon
58,913683414,,0x1C64F34E,Zorah Quest Alert,bgm_ingame.npck,General
59,948403694,,0x1CEC60DA,Coral Highlands intro (day 1st night 2nd),bgm_ingame.npck,Environment
60,983453949,,0x1D273E20,Vaal Hazak player fleeing drums overlay,bgm_ingame.npck,Elder Dragon
61,985744882,,0x1D5243B6,Rotten Vale Large monster battle,bgm_ingame.npck,Large Monster
62,989359879,,0x1DAE4441,Rotten Vale small monster battle,bgm_ingame.npck,Small Monster
63,997202953,,0x1DF54146,Nergigante mounted drums overlay,bgm_ingame.npck,Elder Dragon
64,997371980,,0x1EA38B49,Rotten Vale intro (day 1st night 2nd),bgm_ingame.npck,Environment
65,1013042335,,0x1EC87281,The Best of the Best challenge (2nd part [Pride of a Nameless Hunter]),bgm_ingame.npck,Room Music
66,1029551125,,0x1F74A24A,Rotten Vale battle,bgm_ingame.npck,Large Monster
67,1035641871,,0x201FF3EA,Gajalaka unknown theme,bgm_ingame.npck,Small Monster
68,1037200452,,0x20A321AA,Rotten Vale chase,bgm_ingame.npck,Large Monster
69,1037213117,,0x20FB20C3,Coral Highlands small monster battle,bgm_ingame.npck,Small Monster
70,1047960118,,0x2140CF4A,Bazelgeuse battle,bgm_ingame.npck,Large Monster
71,1068625381,,0x21EA97D4,Vaal Hazak mounted drums overlay,bgm_ingame.npck,Elder Dragon
1,20811342,,0x2BC,Ancient Forest Small Monster Theme,bgm_ingame_pg.npck,Small Monster
2,76984338,,0x4F19BE,Monster discovery string stabs (used in cutscenes),bgm_ingame_pg.npck,Other
3,86640239,,0x666752,Player fainted,bgm_ingame_pg.npck,General
4,103630446,,0x708F5B,Unknown metal clanging (to the beat of Astera theme),bgm_ingame_pg.npck,Other
5,106271173,,0xBF7B4F,Quest Begin whoosh tone,bgm_ingame_pg.npck,General
6,111831473,,0xC07338,Ancient Forest mounted drums overlay,bgm_ingame_pg.npck,Large Monster
8,173438223,,0x160C00A,Astera festival variation,bgm_ingame_pg.npck,Other
9,181347879,,0x22CD851,Ancient Forest player fleeing drums overlay,bgm_ingame_pg.npck,Large Monster
10,221841971,,0x25B07C6,Quest failed,bgm_ingame_pg.npck,General
11,247535288,,0x299BE30,Elder Dragon story quest cleared,bgm_ingame_pg.npck,Elder Dragon
12,335676260,,0x2E35397,Returning from Expedition / Abandon Quest,bgm_ingame_pg.npck,General
13,353933816,,0x2E35398,Living Quarters (Preparing for the Journey),bgm_ingame_pg.npck,Room Music
14,360433550,,0x3F90FFA,Unknown clapping,bgm_ingame_pg.npck,Other
16,441796922,,0x4B6CCA8,Anjanath vs Great Jagras cutscene,bgm_ingame_pg.npck,Other
17,458884474,,0x4DACFFF,Unknown drums,bgm_ingame_pg.npck,Other
18,527479663,,0x53936A1,Astera night,bgm_ingame_pg.npck,General
19,586781217,,0x5EF0CFD,Ancient Forest chase,bgm_ingame_pg.npck,Large Monster
20,608754378,,0x63E15D0,Return from quest,bgm_ingame_pg.npck,General
21,617334224,,0x672EE33,Astera day,bgm_ingame_pg.npck,General
23,640484138,,0x7BEF3CA,Ancient Forest battle,bgm_ingame_pg.npck,Large Monster
24,676656990,,0x84E4CF3,Ancient Forest Large monster battle,bgm_ingame_pg.npck,Large Monster
25,693559125,,0x8A4F491,Hiding in sporepuff (part 2),bgm_ingame_pg.npck,Other
26,831464804,,0x8DB34E1,Main menu,bgm_ingame_pg.npck,General
28,894383345,,0x93D3D81,First council meeting,bgm_ingame_pg.npck,Other
29,935412757,,0x9B3CFC3,Ancient Forest intro (day 1st night 2nd),bgm_ingame_pg.npck,Environment
30,992922476,,0x9D2139D,Hiding in sporepuff (part 1),bgm_ingame_pg.npck,Other
31,1022500448,,0x9E24DC9,???,bgm_ingame_pg.npck,Other
32,1051276170,,0xA1DF8AA,Quest complete,bgm_ingame_pg.npck,General
1,976079,CFE4EE,0x21C,Longsword Mega Man event intro [MM3 stage selected],bgm_ingame_02_00.npck,Mega Man
2,15936371,732BF3F3,0x81743,Charge Blade Mega Man event [Skull Man],bgm_ingame_02_00.npck,Mega Man
3,55213986,A27F4A34,0x4DDCEF,Deviljho player fleeing drums overlay,bgm_ingame_02_00.npck,Large Monster
4,163142470,465BB99B,0x74D74A,CB SA Mega Man event intro [MM4 stage selected],bgm_ingame_02_00.npck,Mega Man
5,187394068,14682BB2,0x7D392B,Bow Mega Man event [Proto Man's Fortress],bgm_ingame_02_00.npck,Mega Man
6,313438286,4EB0AE12,0xD87DC2,Lance Mega Man event [Metal Man],bgm_ingame_02_00.npck,Mega Man
7,318339453,7D79F912,0x11734A6,Switch Axe Mega Man event [Dive Man],bgm_ingame_02_00.npck,Mega Man
8,381588905,A995BE16,0x1542741,Insect Glaive Mega Man event [MM5 Wily Fortress],bgm_ingame_02_00.npck,Mega Man
9,500660572,5C79D71D,0x1BF0BB4,Hunting Horn Mega Man event [Air Man],bgm_ingame_02_00.npck,Mega Man
10,504693091,6316151E,0x20C00FE,GS SnS HH LAN LBG Mega Man event intro [MM2 stage selected],bgm_ingame_02_00.npck,Mega Man
11,504936420,E4B7181E,0x21417CF,Hammer Mega Man event [Guts Man],bgm_ingame_02_00.npck,Mega Man
12,596637132,CCF58F23,0x249262A,Gunlance Mega man event [Fire Man],bgm_ingame_02_00.npck,Mega Man
13,610668702,9E106624,0x28353F9,DB GL HAM Mega Man event intro [MM1 stage selected],bgm_ingame_02_00.npck,Mega Man
14,626403103,1F275625,0x28B1BB4,Dual Blades Mega Man event [Cut Man],bgm_ingame_02_00.npck,Mega Man
15,636581657,1977F125,0x2D5ABF7,Longsword Mega Man event [Snake Man],bgm_ingame_02_00.npck,Mega Man
16,638683738,5A8A1126,0x31FE182,Mega Man Sword & Shield event [Quick Man],bgm_ingame_02_00.npck,Mega Man
17,673966050,E2E72B28,0x37C679E,Gathering Hub Spring Blossom Theme,bgm_ingame_02_00.npck,Gathering Hub
18,799442888,C887A62F,0x41A202F,Great Sword Mega Man event [MM2 Dr. Wily Stage 1],bgm_ingame_02_00.npck,Mega Man
19,873737072,702B1434,0x4A69A78,Light Bowgun Mega Man event [Flash Man],bgm_ingame_02_00.npck,Mega Man
20,923925227,EBFA1137,0x51484AD,Heavy Bowgun Mega Man event [Napalm Man],bgm_ingame_02_00.npck,Mega Man
21,932359771,5BAE9237,0x568625A,IG Bow HBG Mega Man event intro [MM5 stage selected],bgm_ingame_02_00.npck,Mega Man
22,1001789214,1E17B63B,0x56FCB53,Deviljho battle,bgm_ingame_02_00.npck,Large Monster
23,1055276839,273FE63E,0x6410A15,Deviljho chase,bgm_ingame_02_00.npck,Large Monster
24,1055683779,C374EC3E,0x68F557E,Deviljho mounted drums overlay,bgm_ingame_02_00.npck,Large Monster
1,12463823,,0x26C,Longsword DMC event [DMC3 Vergil battle 2],bgm_ingame_03_00.npck,Devil May Cry
2,32761807,,0x110198D,Lance DMC event [DMC4 Swipe of Swords],bgm_ingame_03_00.npck,Devil May Cry
3,111852786,,0x20E2E8F,Kulve Taroth final phase battle,bgm_ingame_03_00.npck,Elder Dragon
4,165400898,,0x2AB3AC4,Hammer DMC event [DMC1 Flock Off],bgm_ingame_03_00.npck,Devil May Cry
5,214623649,,0x34C5910,Switch Axe DMC event [DMC1 Ultra Violet],bgm_ingame_03_00.npck,Devil May Cry
6,227694033,,0x4022DBB,Heavy Bowgun DMC event [DMC2 Away],bgm_ingame_03_00.npck,Devil May Cry
7,244516570,,0x447DB0F,Kulve Taroth quest intro & phase 1,bgm_ingame_03_00.npck,Elder Dragon
8,258936798,,0x521E73E,SnS HAM SA IG DMC event intro [DMC1 Mission start],bgm_ingame_03_00.npck,Devil May Cry
9,278637393,,0x54D9931,Kulve Taroth phase 2 & 3 mount drum overlay?,bgm_ingame_03_00.npck,Elder Dragon
10,358591175,,0x5FD8E6B,Insect Glaive DMC event [DMC1 Red Hot Juice],bgm_ingame_03_00.npck,Devil May Cry
11,449575890,,0x675605C,Gunlance DMC event [DMC4 Sworn Through Swords],bgm_ingame_03_00.npck,Devil May Cry
12,454475100,,0x7624FC8,Gathering Hub Kulve Taroth,bgm_ingame_03_00.npck,Gathering Hub
13,474340593,,0x7CEEEF7,Kulve Taroth final phase mount drum overlay?,bgm_ingame_03_00.npck,Elder Dragon
14,520437915,,0x86990F9,GS LAN GL CB Bow DMC event intro [DMC4 Mission start],bgm_ingame_03_00.npck,Devil May Cry
15,589575559,,0x892238B,Dual Blades DMC event [DMC3 Taste the Blood],bgm_ingame_03_00.npck,Devil May Cry
16,606708422,,0x98A9B4F,DMC1 Lock and Load DMC (SnS theme 2?),bgm_ingame_03_00.npck,Devil May Cry
17,619245021,,0xA276646,LBG HBG DMC event intro [DMC2 Mission Start],bgm_ingame_03_00.npck,Devil May Cry
18,653572175,,0xA4567C4,Great Sword DMC event [DMC4 The Time Has Come],bgm_ingame_03_00.npck,Devil May Cry
19,669231095,,0xB53963C,Light Bowgun DMC event [DMC2 Assault],bgm_ingame_03_00.npck,Devil May Cry
20,686712944,,0xBE3A293,Charge Blade DMC event [DMC4 Lock and Load],bgm_ingame_03_00.npck,Devil May Cry
21,703633598,,0xCF2C68B,Hunting Horn DMC event [DMC3 Nevan's Theme],bgm_ingame_03_00.npck,Devil May Cry
22,731061172,,0xE38C4D1,Bow DMC event [DMC4 Science Will Never Die],bgm_ingame_03_00.npck,Devil May Cry
23,754405386,,0xF35A582,DMC event LS theme (DMC3 Vergil battle 1),bgm_ingame_03_00.npck,Devil May Cry
24,794234860,,0xFA43F51,DB LS HH DMC event intro [DMC3 Mission Start],bgm_ingame_03_00.npck,Devil May Cry
25,854727252,,0xFCFFA41,Kulve Taroth phase 2 & 3 battle,bgm_ingame_03_00.npck,Elder Dragon
26,890648038,,0x10729CF8,Sword & Shield DMC event [DMC1 Lock and Load remix],bgm_ingame_03_00.npck,Devil May Cry
27,902008953,,0x11846183,DMC 2-sounding track (not used in the event quest),bgm_ingame_03_00.npck,Devil May Cry
28,963766437,,0x126A7BF9,Kulve Taroth Phase 1 Mount,bgm_ingame_03_00.npck,Elder Dragon
1,31395489,,0xF0,Teostra battle,bgm_ingame_04_00.npck,Elder Dragon
2,172820792,,0xA80F09,Teostra/Lunastra mounted drums overlay (not sure which is whose),bgm_ingame_04_00.npck,Elder Dragon
4,271686261,,0x1FE44BD,Lunastra chase theme,bgm_ingame_04_00.npck,Elder Dragon
5,402262033,,0x2378BA1,Teostra /Lunastra player fleeing drums overlay (not sure which is whose),bgm_ingame_04_00.npck,Elder Dragon
6,716703381,,0x268FC43,Lunastra battle,bgm_ingame_04_00.npck,Elder Dragon
7,786823776,,0x3237FB0,Teostra /Lunastra player fleeing drums overlay (not sure which is whose),bgm_ingame_04_00.npck,Elder Dragon
8,837169829,,0x354F052,Summer festival gathering hub,bgm_ingame_04_00.npck,Gathering Hub
9,961888337,,0x4137987,Teostra chase theme,bgm_ingame_04_00.npck,Elder Dragon
1,1032736623,,0x50,Autumn harvest festival gathering hub,bgm_ingame_05_00.npck,Gathering Hub
1,176830908,,0x50,Winter star festival gathering hub,bgm_ingame_06_00.npck,Gathering Hub
1,452051479,,0x78,Anniversary festival gathering hub,bgm_ingame_07_00.npck,Gathering Hub
1,47084038,,0x8C,AT Nergigante chase,bgm_ingame_08_00.npck,Elder Dragon
2,87938877,,0x692110,AT Nergigante mounted drums overlay,bgm_ingame_08_00.npck,Elder Dragon
3,139747884,,0x140CED5,AT Nergigante limping chase,bgm_ingame_08_00.npck,Elder Dragon
4,175466625,,0x1C366EF,AT Nergigante battle,bgm_ingame_08_00.npck,Elder Dragon
1,365175735,,0xC8,Final Fantasy Duty Complete [FFXIV A Fanfare Reborn],bgm_ingame_cf.npck,Final Fantasy
2,647536973,,0x27FF9A,Behemoth phase 1 [FFXIV Thunderer],bgm_ingame_cf.npck,Final Fantasy
3,719684720,,0xB0EC7A,Astera [FFXIV Opening Theme],bgm_ingame_cf.npck,Final Fantasy
4,773716909,,0x267B6F9,Crystal Kulu-Ya-Ku battle [FFXIV Chocobo Race],bgm_ingame_cf.npck,Final Fantasy
5,855556049,,0x30C103B,Moogle cutscene [FFXIV Moogle theme],bgm_ingame_cf.npck,Final Fantasy
6,959231104,,0x336F85A,[FFXIV Prelude ~Discoveries~],bgm_ingame_cf.npck,Final Fantasy
7,971522317,,0x43ADC38,Behemoth phase 2 [FFXIV Torn from the Heavens],bgm_ingame_cf.npck,Final Fantasy
1,161711031,,0x64,Street Fighter V Sakura Theme,bgm_ingame_cs.npck,Street Fighter
2,1027509592,,0x1058501,Street Fighter V Ryu Theme,bgm_ingame_cs.npck,Street Fighter
1,5793332,,0x1CC,[Witcher III Skellige battle (Short)],bgm_ingame_cw.npck,The Witcher
2,6305754,,0x110450,???,bgm_ingame_cw.npck,Other
3,23448490,,0x5B6535,Ancient Leshen Quest Clear,bgm_ingame_cw.npck,The Witcher
4,27464582,,0x7B412E,Leshen battle [TW3 The Trial],bgm_ingame_cw.npck,The Witcher
5,34749172,,0x147B182,???,bgm_ingame_cw.npck,Other
6,64125277,,0x15E1254,[TW3 Geralt of Rivia (Short)],bgm_ingame_cw.npck,The Witcher
7,170819742,,0x19A992F,Ancient Leshen Battle [TW3 Skellige battle],bgm_ingame_cw.npck,The Witcher
8,178973181,,0x23EC102,Ancient Forest Witcher battle [TW3 Geralt of Rivia],bgm_ingame_cw.npck,The Witcher
9,333727542,,0x2CEA449,Ancient Forest Witcher exploration 1 [TW3 Skellige peaceful],bgm_ingame_cw.npck,The Witcher
10,471716597,,0x370EC65,???,bgm_ingame_cw.npck,Other
11,474159754,,0x3CB36FF,Ancient Forest Witcher exploration 2 [TW3 In the Heart of the Woods],bgm_ingame_cw.npck,The Witcher
12,532826298,,0x4316B01,???,bgm_ingame_cw.npck,Other
13,560282707,,0x43DE84A,[TW3 The Trial (Short)],bgm_ingame_cw.npck,The Witcher
14,638090782,,0x46803BE,???,bgm_ingame_cw.npck,Other
15,728637584,,0x4761C27,???,bgm_ingame_cw.npck,Other
16,841223280,,0x49CF430,???,bgm_ingame_cw.npck,Other
17,887292880,,0x55C4882,Ancient Leshen Chase,bgm_ingame_cw.npck,The Witcher
18,916261929,,0x5B8295E,Gajalaka Chief battle,bgm_ingame_cw.npck,The Witcher
19,987995640,,0x5F4B696,NPC Dialogue Music,bgm_ingame_cw.npck,The Witcher
20,1039727149,,0x699E9D2,Gajalaka battle [TW3 The Eyes of the Wolf],bgm_ingame_cw.npck,The Witcher
1,866991485,7D 3D AD 33,0x50,Guiding Lands Battle Theme,bgm_ingame_st109.npck,Large Monster
1,6498280,,0x67C,Intro of some sorts possibly for Seliana,bgm_slugger_ingame.npck,Other
2,10666084,64 C0 A2 00,0xC14BB,Guiding Lands Chase Theme,bgm_slugger_ingame.npck,Large Monster
3,24442974,,,Guiding Lands Small Monster Theme,bgm_slugger_ingame.npck,Small Monster
4,58822764,6C 90 81 03,,Seliana Day Theme,bgm_slugger_ingame.npck,General
5,66710538,0A EC F9 03,,Namielle Battle Theme,bgm_slugger_ingame.npck,Elder Dragon
6,67279233,81 99 02 04,,Nargacuga Chase Theme,bgm_slugger_ingame.npck,Large Monster
7,70913364,,,Nargacuga Alt.Drum Overlay?,bgm_slugger_ingame.npck,Large Monster
8,79577329,,,Zinogre Chase Theme,bgm_slugger_ingame.npck,Large Monster
9,105917863,A7 2D 50 06,,Tigrex Chase Theme,bgm_slugger_ingame.npck,Large Monster
10,116163196,7C 82 EC 06,,Guiding Lands Intro Theme,bgm_slugger_ingame.npck,Environment
11,119860714,,,Hoarfrost Reach Large Monster Battle Theme,bgm_slugger_ingame.npck,Large Monster
12,122474861,,,Brachydios Chase Theme,bgm_slugger_ingame.npck,Large Monster
13,138404956,,,Behold the Ruler of Frost (Velkhana story in the Recess),bgm_slugger_ingame.npck,Elder Dragon
14,147554349,,,Yian Garuga Mount Theme?,bgm_slugger_ingame.npck,Large Monster
15,152798140,,,Guiding Lands Drum Overlay,bgm_slugger_ingame.npck,Large Monster
16,172172307,,,Tigrex Battle Theme,bgm_slugger_ingame.npck,Large Monster
17,190412910,,,Brachydios Mount Drums Overlay?,bgm_slugger_ingame.npck,Large Monster
18,200283013,,,Seliana Shara Quest Alert,bgm_slugger_ingame.npck,General
19,203968182,,,Second Council Meeting theme,bgm_slugger_ingame.npck,Other
20,206269093,,,Boaboa Hideout,bgm_slugger_ingame.npck,Environment
21,212838231,,,Hoarfrost Reach Mounted Drums Overlay,bgm_slugger_ingame.npck,Large Monster
22,217196349,3D 27 F2 0C,,Seliana Dramatic Theme (Seliana Ready for War),bgm_slugger_ingame.npck,Other
23,227893799,,,Namielle Alt.Drums,bgm_slugger_ingame.npck,Elder Dragon
24,231042695,,,Steamworks jingle,bgm_slugger_ingame.npck,General
25,237542411,,,Unknown jingle,bgm_slugger_ingame.npck,Other
26,260298181,,,Succession of Light,bgm_slugger_ingame.npck,Room Music
27,265540879,,,Namielle Mounted Drum Overlay,bgm_slugger_ingame.npck,Elder Dragon
28,266026233,,,Guiding Lands Guitar Overlay,bgm_slugger_ingame.npck,Large Monster
29,270421080,,,???,bgm_slugger_ingame.npck,Other
30,315328640,,,Velkhana Mounted Drums Overlay? ,bgm_slugger_ingame.npck,Elder Dragon
31,336816974,,,???,bgm_slugger_ingame.npck,Other
32,346379021,,,Tigrex Mounted Drum Overlay,bgm_slugger_ingame.npck,Large Monster
33,358160019,93 16 59 15,,The Defense of Seliana,bgm_slugger_ingame.npck,Other
34,364023485,,,First Council Meeting theme,bgm_slugger_ingame.npck,Other
35,383770174,,,Garuga Chase Theme,bgm_slugger_ingame.npck,Large Monster
36,386361752,,,Steamworks minigame theme,bgm_slugger_ingame.npck,General
37,398624853,,,???,bgm_slugger_ingame.npck,Other
38,427027342,8E EB 73 19,,Shara Ishvalda Phase 1,bgm_slugger_ingame.npck,Elder Dragon
39,433059293,,,Garuga Alt.Drums?,bgm_slugger_ingame.npck,Large Monster
40,452861016,,,Tigrex Alt.Drums?,bgm_slugger_ingame.npck,Large Monster
41,460077328,,,Tales Spun through Song (credits theme),bgm_slugger_ingame.npck,Room Music
42,472709914,,,Hoarfrost Reach Small Monster theme,bgm_slugger_ingame.npck,Small Monster
43,507708524,,,Arch Tempered Kulve Taroth (Final Phase),bgm_slugger_ingame.npck,Elder Dragon
44,524286978,02 FC 3F 1F,,Velkhana Battle Theme,bgm_slugger_ingame.npck,Elder Dragon
45,529197255,,,Iceborne Quest Complete,bgm_slugger_ingame.npck,General
46,576437864,68 BE 5B 22,,Seliana night theme,bgm_slugger_ingame.npck,General
47,595780201,69 E2 82 23,,Hoarfrost Reach Chase theme,bgm_slugger_ingame.npck,Large Monster
48,608754066,,,Glavenus Chase theme,bgm_slugger_ingame.npck,Large Monster
49,612435066,,,Zinogre Mounted Drums Overlay,bgm_slugger_ingame.npck,Large Monster
50,616013228,,,Zinogre Mount Theme?,bgm_slugger_ingame.npck,Large Monster
51,616193974,,,Kulve Taroth Phase 1,bgm_slugger_ingame.npck,Elder Dragon
52,635678052,64 AD E3 25,,Seliana Room (The Comforts of Home),bgm_slugger_ingame.npck,Room Music
53,640973022,DE 78 34 26,,Glavenus Battle Theme,bgm_slugger_ingame.npck,Large Monster
54,665496723,93 AC AA 27,,Yian Garuga Battle Theme,bgm_slugger_ingame.npck,Large Monster
55,666427612,DC E0 B8 27,,Namielle Chase Theme,bgm_slugger_ingame.npck,Elder Dragon
56,680042090,,,Shara Camp Phase 2,bgm_slugger_ingame.npck,Elder Dragon
57,696881531,,,???,bgm_slugger_ingame.npck,Other
58,742857531,3B 1B 47 2C,,Shara Ishvalda Phase 2,bgm_slugger_ingame.npck,Elder Dragon
59,762045319,,,???,bgm_slugger_ingame.npck,Other
60,781384785,,,Shara Camp Phase 1,bgm_slugger_ingame.npck,Elder Dragon
61,793699086,,,Glavenus Drum Overlay,bgm_slugger_ingame.npck,Large Monster
62,794546336,,,???,bgm_slugger_ingame.npck,Other
63,817511589,,,???,bgm_slugger_ingame.npck,Other
64,820857476,,,Glavenus Alt.Drums?,bgm_slugger_ingame.npck,Large Monster
65,829098941,BD 0B 6B 31,,Seliana Gathering Hub Theme,bgm_slugger_ingame.npck,Gathering Hub
66,829169564,,,Guiding Lands Large Monster Theme,bgm_slugger_ingame.npck,Large Monster
67,833780549,,,???,bgm_slugger_ingame.npck,Other
68,865783224,,,???,bgm_slugger_ingame.npck,Other
69,901430789,,,Nargacuga Mounted Drum Overlay,bgm_slugger_ingame.npck,Large Monster
70,904672421,,,Boaboa Battle Theme,bgm_slugger_ingame.npck,Small Monster
71,908545990,C6 4F 27 36,,Zinogre Battle Theme,bgm_slugger_ingame.npck,Large Monster
73,926567596,,,Hoarfrost Alt.Drums,bgm_slugger_ingame.npck,Large Monster
74,929389149,,,Velkhana Chase Theme,bgm_slugger_ingame.npck,Elder Dragon
75,932683564,2C 9F 97 37,,Nargacuga Battle Theme,bgm_slugger_ingame.npck,Large Monster
76,971521010,F2 3B E8 39,,Hoarfrost Intro,bgm_slugger_ingame.npck,Environment
77,977255842,A2 BD 3F 3A,,Brachydios Battle Theme,bgm_slugger_ingame.npck,Large Monster
79,1019136829,,,Brachydios Alt.Drums Overlay?,bgm_slugger_ingame.npck,Large Monster
80,1042199701,,,Velkhana Alt.Drums Overlay? ,bgm_slugger_ingame.npck,Elder Dragon
1,221674646,,0xF0,Rajang Chase?,bgm_slugger_ingame_11_00.npck,Large Monster
2,335676868,,0x804F6A,Rajang Drum Overlay (player fleeing?),bgm_slugger_ingame_11_00.npck,Large Monster
3,524086109,,0xE023A4,Rajang Battle Theme,bgm_slugger_ingame_11_00.npck,Large Monster
4,531703305,,0x1CDE667,Jumbo Village Theme (The Gracious Villagers),bgm_slugger_ingame_11_00.npck,Room Music
5,807895439,,0x2B39BE3,Moga Village Theme (Moga on the Sea),bgm_slugger_ingame_11_00.npck,Room Music
6,815082879,,0x3B2B30A,Background Theme (Guidance),bgm_slugger_ingame_11_00.npck,Room Music
7,915943779,,0x4D2E9E5,Val Habar Theme (Harbor of the Sun - Val Habar),bgm_slugger_ingame_11_00.npck,Room Music
8,1015702096,,0x5E90F8F,Rajang alt Drum Overlay (mount?),bgm_slugger_ingame_11_00.npck,Large Monster
9,1025551757,,0x64E5F6C,Kokoto Village Theme (A Brand New Day),bgm_slugger_ingame_11_00.npck,Room Music
1,37965373,,0xF0,[RE2 Credits],bgm_slugger_ingame_11_50_rpw.npck,Resident Evil
2,52698653,,0x94F77E,[RE2 Ivy],bgm_slugger_ingame_11_50_rpw.npck,Resident Evil
3,69955578,,0x1469C58,ambient winds?,bgm_slugger_ingame_11_50_rpw.npck,Other
4,112958781,,0x18DDD4E,battle theme? [RE2 Mournful Pursuit],bgm_slugger_ingame_11_50_rpw.npck,Resident Evil
5,273017445,,0x2867F70,Ending Theme [Saudade],bgm_slugger_ingame_11_50_rpw.npck,Room Music
6,340215833,,0x3BDEE01,[RE2 RPD Hall],bgm_slugger_ingame_11_50_rpw.npck,Resident Evil
7,528794872,,0x3D2F66C,Save Room Theme [Save Room],bgm_slugger_ingame_11_50_rpw.npck,Room Music
8,814340382,,0x3F67934,Tyrant Battle Theme [RE2 Black Impact],bgm_slugger_ingame_11_50_rpw.npck,Room Music
9,989961650,,0x50AFC58,[RE2 The Last Moment],bgm_slugger_ingame_11_50_rpw.npck,Resident Evil
1,51329687,,,Safi'jiiva Final Phase,bgm_slugger_ingame_12_00.npck,Elder Dragon
2,95683203,,,some kind of iceborne chase theme?,bgm_slugger_ingame_12_00.npck,Other
3,105003846,,,The Lovely Feast (MH4),bgm_slugger_ingame_12_00.npck,Room Music
4,117348343,,,Bustlin' Dundorma (MH2),bgm_slugger_ingame_12_00.npck,Room Music
5,132210878,,,Safi'jiiva Phase I (Vocal Overlay),bgm_slugger_ingame_12_00.npck,Elder Dragon
6,160610089,,,To the Ones with Life (The Sound Room Remix),bgm_slugger_ingame_12_00.npck,Room Music
7,249179710,,,Brutish Indigo - Brachydios (Sound Room Remix),bgm_slugger_ingame_12_00.npck,Room Music
8,328081166,,,Safi'jiiva Phase I Mount theme,bgm_slugger_ingame_12_00.npck,Elder Dragon
9,382242957,,,Safi'jiiva Phase I (Enmity),bgm_slugger_ingame_12_00.npck,Elder Dragon
10,450894838,,,Safi's Sapphire Star of the Emperor Dropping,bgm_slugger_ingame_12_00.npck,Elder Dragon
11,487150237,,,Safi'jiiva Final Phase (Enmity),bgm_slugger_ingame_12_00.npck,Elder Dragon
12,490350128,,,safi-related probably,bgm_slugger_ingame_12_00.npck,Elder Dragon
13,490807431,,,The Merry Band (The Sound Room Remix),bgm_slugger_ingame_12_00.npck,Room Music
14,604252756,,,Safi'jiiva Phase I,bgm_slugger_ingame_12_00.npck,Elder Dragon
15,739663531,,,Proof of a Hero (Sebastian Schwartz Remix),bgm_slugger_ingame_12_00.npck,Room Music
16,743482978,,,Spark of Blue - Zinogre (Sebastian Schwartz Remix),bgm_slugger_ingame_12_00.npck,Room Music
17,789159688,,,The whoosh after Safi Ults,bgm_slugger_ingame_12_00.npck,Elder Dragon
18,813133264,,,The Great Desert Post Loc Lac,bgm_slugger_ingame_12_00.npck,Room Music
19,895885585,,,Safi'jiiva Final Phase Mount Overlay,bgm_slugger_ingame_12_00.npck,Elder Dragon
20,1021498988,,,A Day in the Town,bgm_slugger_ingame_12_00.npck,Room Music
1,447998233,19 E9 B3 1A,0x50,Grand Appreciation Fest Seliana Gathering Hub,bgm_slugger_ingame_12_00_an2.npck,Gathering Hub
1,12879207,,,In Search of Hidden Springs (MH Swing),bgm_slugger_ingame_13_00.npck,Room Music
2,35686060,,,Proof of a Hero (MH Swing),bgm_slugger_ingame_13_00.npck,Room Music
3,110974846,,,Full Bloom Fest (Seliana Gathering Hub Spring Festival),bgm_slugger_ingame_13_00.npck,Gathering Hub
4,129560751,,,Raging Brachydios Mount Overlay,bgm_slugger_ingame_13_00.npck,Large Monster
5,196642490,,,Scat Cat Fever (MH Swing),bgm_slugger_ingame_13_00.npck,Room Music
6,296517560,,,Hunter of the Violent Sands,bgm_slugger_ingame_13_00.npck,Room Music
7,331925871,,,Raging Brachydios Special Theme,bgm_slugger_ingame_13_00.npck,Large Monster
8,404393653,,,Ruler of the Flame - Teostra (MH Swing),bgm_slugger_ingame_13_00.npck,Room Music
9,439025520,,,Barley Field Walkway,bgm_slugger_ingame_13_00.npck,Room Music
10,553086155,,,The Bustling Heart of the Snowy Village (MH Swing),bgm_slugger_ingame_13_00.npck,Room Music
11,597103437,,,Gather Everyone! ~ Sunsnug Isle,bgm_slugger_ingame_13_00.npck,Room Music
12,698323386,,,Cazador Del Monstruo,bgm_slugger_ingame_13_00.npck,Room Music
1,653778737,,0x50,Holiday Joy Fest Seliana Gathering Hub,bgm_slugger_ingame_12_00_swn.npck,Gathering Hub
1,4203488,,,A Day on Pokke Farm (MH The Jazz),bgm_slugger_ingame_14_00.npck,Room Music
2,6717971,,,Alatreon Battle Theme,bgm_slugger_ingame_14_00.npck,Elder Dragon
3,169893819,,,Sizzling Spice Fest Theme,bgm_slugger_ingame_14_00.npck,Gathering Hub
4,182966408,,,Scat Cat Fever,bgm_slugger_ingame_14_00.npck,Room Music
5,462599428,,,The Hunters' Secret Spring (MH The Jazz),bgm_slugger_ingame_14_00.npck,Room Music
6,512679127,,,Proof of a Hero (MH The Jazz),bgm_slugger_ingame_14_00.npck,Room Music
7,558053546,,,Alatreon Mount Overlay,bgm_slugger_ingame_14_00.npck,Elder Dragon
8,690613292,,,Felyne Soup Strategy!,bgm_slugger_ingame_14_00.npck,Room Music
9,902865781,,,Felynes of Yukumo Farm (MH The Jazz),bgm_slugger_ingame_14_00.npck,Room Music
10,981420333,,,Alatreon Quest Clear Theme (Monster Hunter Tri Quest Clear),bgm_slugger_ingame_14_00.npck,Elder Dragon
11,1018594974,,,Winds of Adventure (MH The Jazz),bgm_slugger_ingame_14_00.npck,Room Music
1,34690868,,,AT Velkhana Chase theme,bgm_slugger_ingame_15_00.npck,Elder Dragon
2,88278173,,,Dramatic buildup,bgm_slugger_ingame_15_00.npck,Other
3,240740537,,,Seliana Fun Fright Fest,bgm_slugger_ingame_15_00.npck,Gathering Hub
4,398592519,,,Fatalis 1 (Mount),bgm_slugger_ingame_15_00.npck,Elder Dragon
5,521723539,,,AT Velkhana (Mount/Runaway),bgm_slugger_ingame_15_00.npck,Elder Dragon
6,550827044,,,Fatalis 2 (Mount),bgm_slugger_ingame_15_00.npck,Elder Dragon
7,596752339,,,Fatalis Theme 3 Proof of a Hero (Classic version),bgm_slugger_ingame_15_00.npck,Elder Dragon
8,704999986,,,AT Velkhana theme,bgm_slugger_ingame_15_00.npck,Elder Dragon
9,765884149,,,AT Velkhana (Mount/Runaway),bgm_slugger_ingame_15_00.npck,Elder Dragon
10,877516140,,,Fatalis Theme 1,bgm_slugger_ingame_15_00.npck,Elder Dragon
11,920790336,,,Fatalis Theme 2,bgm_slugger_ingame_15_00.npck,Elder Dragon
12,1028069774,,,Fatalis Clear Monster Hunter 1 Victory Theme,bgm_slugger_ingame_15_00.npck,Elder Dragon
